{"cameraMode":{"drawMode":0,"name":"Shaded","section":"Shading Mode"},"sceneLighting":true,"audioPlay":false,"sceneViewState":{"m_AlwaysRefresh":false,"showFog":true,"showSkybox":true,"showFlares":true,"showImageEffects":true,"showParticleSystems":true,"showVisualEffectGraphs":true,"m_FxEnabled":true},"in2DMode":false,"pivot":{"x":-3.341399669647217,"y":2.1407151222229006,"z":5.171499252319336},"rotation":{"x":0.0011713060084730387,"y":0.17961613833904267,"z":0.00021263699454721063,"w":-0.9837324619293213},"size":7.152973175048828,"orthographic":false}