{"cameraMode":{"drawMode":0,"name":"Shaded","section":"Shading Mode"},"sceneLighting":true,"audioPlay":false,"sceneViewState":{"m_AlwaysRefresh":false,"showFog":true,"showSkybox":true,"showFlares":true,"showImageEffects":true,"showParticleSystems":true,"showVisualEffectGraphs":true,"m_FxEnabled":true},"in2DMode":false,"pivot":{"x":3.1029155254364015,"y":3.144821882247925,"z":-12.606493949890137},"rotation":{"x":-0.06363231688737869,"y":0.27823716402053835,"z":-0.01847781240940094,"w":-0.9582227468490601},"size":2.666025161743164,"orthographic":false}