{"cameraMode":{"drawMode":0,"name":"Shaded","section":"Shading Mode"},"sceneLighting":true,"audioPlay":false,"sceneViewState":{"showFog":true,"showMaterialUpdate":false,"showSkybox":true,"showFlares":true,"showImageEffects":true,"showParticleSystems":true},"in2DMode":false,"pivot":{"x":1.2778042554855347,"y":3.036907911300659,"z":-6.097630977630615},"rotation":{"x":0.002689317101612687,"y":0.029092689976096154,"z":0.00007701855793129653,"w":-0.9995700716972351},"size":0.8660253882408142,"orthographic":false}